Date,avg_PnL,total_volume_usd,total_fee,unique_traders,buy_ratio,timestamp,value,classification,date,color
2023-05-01,0.0,477.0,0.0,1,0.0,1682919000,63,Greed,2023-05-01,green
2023-12-05,0.0,50005.83,12.501455,1,0.0,1701754200,75,Extreme Greed,2023-12-05,
2023-12-14,-18.675885181818188,113203.35,28.300831000000002,1,0.0,1702531800,72,Greed,2023-12-14,green
2023-12-15,-12.316016999999999,10609.95,2.652489,1,0.0,1702618200,70,Greed,2023-12-15,green
2023-12-16,0.0,15348.77,3.8371890000000004,1,0.0,1702704600,67,Greed,2023-12-16,green
2023-12-17,21.78448464285714,116278.02,29.069499,1,0.0,1702791000,73,Greed,2023-12-17,green
2023-12-18,0.0,31164.179999999997,7.791045,1,0.0,1702877400,65,Greed,2023-12-18,green
2023-12-19,66.70257413333334,91602.41,22.900596,1,0.0,1702963800,73,Greed,2023-12-19,green
2023-12-20,9.040682333333333,141636.79,35.409187,1,0.0,1703050200,74,Greed,2023-12-20,green
2023-12-21,10.963498000000001,125233.97,31.308469,1,0.0,1703136600,70,Greed,2023-12-21,green
2023-12-22,14.1832675,88874.28,22.218566000000003,1,0.0,1703223000,74,Greed,2023-12-22,green
2023-12-23,11.302823384615383,78438.25,19.609555,1,0.0,1703309400,70,Greed,2023-12-23,green
2023-12-24,25.862050153846155,402954.94,100.738715,1,0.0,1703395800,71,Greed,2023-12-24,green
2023-12-25,-81.69378266666666,59948.51,14.987124999999999,1,0.0,1703482200,73,Greed,2023-12-25,green
2023-12-27,-25.174615249999995,171411.06,42.852747,1,0.0,1703655000,73,Greed,2023-12-27,green
2023-12-28,-42.20569026086957,100117.25,25.0293,1,0.0,1703741400,73,Greed,2023-12-28,green
2023-12-29,10.178442859999999,569559.72,142.389901,1,0.0,1703827800,65,Greed,2023-12-29,green
2023-12-30,6.826897076923077,702550.21,175.637526,1,0.0,1703914200,68,Greed,2023-12-30,green
2024-01-01,-7.196192222222223,264239.52999999997,66.059867,1,0.0,1704087000,65,Greed,2024-01-01,green
2024-01-02,46.11641858823529,121348.74,30.337176,1,0.0,1704173400,71,Greed,2024-01-02,green
2024-01-03,12.925604582089552,394499.36,98.624811,1,0.0,1704259800,70,Greed,2024-01-03,green
2024-01-04,-13.520728,99792.54000000001,24.948132,1,0.0,1704346200,68,Greed,2024-01-04,green
2024-01-05,2.486993409090909,1703942.66,425.985639,1,0.0,1704432600,72,Greed,2024-01-05,green
2024-01-06,6.16280290909091,298521.4,74.630342,1,0.0,1704519000,70,Greed,2024-01-06,green
2024-01-07,-8.615270463917525,1048850.06,262.212464,1,0.0,1704605400,71,Greed,2024-01-07,green
2024-01-08,-2.1083940546875,1522452.43,380.613064,1,0.0,1704691800,71,Greed,2024-01-08,green
2024-01-09,-11.804998042857143,870051.97,204.012928,1,0.0,1704778200,76,Extreme Greed,2024-01-09,
2024-01-10,-7.860576901554404,2057479.48,434.044865,1,0.0,1704864600,73,Greed,2024-01-10,green
2024-01-11,-7.813785761904761,305314.1,75.867171,2,0.0,1704951000,76,Extreme Greed,2024-01-11,
2024-01-12,-275.0741462857143,200082.27,49.480726999999995,1,0.0,1705037400,71,Greed,2024-01-12,green
2024-01-15,10.918112857142857,50636.1,12.652712,2,0.0,1705296600,52,Neutral,2024-01-15,
2024-01-16,-255.4634953333333,116427.33,17.319309,2,0.0,1705383000,64,Greed,2024-01-16,green
2024-01-17,15.344794547169812,800831.03,159.707606,1,0.0,1705469400,60,Greed,2024-01-17,green
2024-01-18,1.4985476086956522,424631.52999999997,92.657901,1,0.0,1705555800,63,Greed,2024-01-18,green
2024-01-19,-8.029567395833334,428428.97,93.051868,2,0.0,1705642200,51,Neutral,2024-01-19,
2024-01-20,-1.3827817924528305,1070090.51,267.522583,1,0.0,1705728600,52,Neutral,2024-01-20,
2024-01-21,24.234649636363642,103129.74,25.78243,1,0.0,1705815000,56,Greed,2024-01-21,green
2024-01-22,16.18401128235294,337878.99,67.478268,2,0.0,1705901400,55,Greed,2024-01-22,green
2024-01-23,-8.20543844444444,414518.93000000005,85.72457,1,0.0,1705987800,50,Neutral,2024-01-23,
2024-01-24,-41.29932080882353,965084.59,227.771095,1,0.0,1706074200,48,Neutral,2024-01-24,
2024-01-25,-515.6048975,66566.13,16.641532,1,0.0,1706160600,52,Neutral,2024-01-25,
2024-01-26,18.04,11773.21,0.444235,2,0.0,1706247000,49,Neutral,2024-01-26,
2024-01-28,-225.27906545454545,18109.03,-0.362176,1,0.0,1706419800,54,Neutral,2024-01-28,
2024-01-29,6.5751694864864865,414208.18,103.26260500000001,2,0.0,1706506200,55,Greed,2024-01-29,green
2024-01-30,-3.5439630816326537,401011.38,100.25281,1,0.0,1706592600,61,Greed,2024-01-30,green
2024-01-31,-0.93113017112922,6305647.13,1549.411475,1,0.0,1706679000,60,Greed,2024-01-31,green
2024-02-01,0.0,2008.18,0.5020439999999999,1,0.0,1706765400,63,Greed,2024-02-01,green
2024-02-02,10.867225547619048,474278.43,91.569636,1,0.0,1706851800,63,Greed,2024-02-02,green
2024-02-03,3.9876640535714283,603820.0,109.662349,1,0.0,1706938200,60,Greed,2024-02-03,green
2024-02-04,1.360682714285714,203187.53,50.52688,1,0.0,1707024600,60,Greed,2024-02-04,green
2024-02-05,-0.4646415833333337,770198.26,165.549465,1,0.0,1707111000,60,Greed,2024-02-05,green
2024-02-06,-0.19817638511029412,8047153.41,988.606997,1,0.0,1707197400,64,Greed,2024-02-06,green
2024-02-07,16.082808,6758.73,0.339693,1,0.0,1707283800,62,Greed,2024-02-07,green
2024-02-08,77.07560240000001,26051.12,3.0028870000000003,1,0.0,1707370200,66,Greed,2024-02-08,green
2024-02-11,28.924799294117648,212311.82,24.955292,1,0.0,1707629400,71,Greed,2024-02-11,green
2024-02-12,57.11761168749999,227247.69999999998,27.111911,1,0.0,1707715800,70,Greed,2024-02-12,green
2024-02-13,39.960277857142856,1999.99,-0.039992,1,0.0,1707802200,79,Extreme Greed,2024-02-13,
2024-02-14,34.509908405405405,320839.88,22.917474000000002,2,0.0,1707888600,74,Greed,2024-02-14,green
2024-02-15,29.219010746031746,185188.04,30.706297,2,0.0,1707975000,72,Greed,2024-02-15,green
2024-02-16,30.174554032967034,564896.51,27.22517,2,0.0,1708061400,72,Greed,2024-02-16,green
2024-02-17,20.52810425531915,406118.07,62.055053,2,0.0,1708147800,76,Extreme Greed,2024-02-17,
2024-02-18,4.923967319587628,157048.17,-3.140925,1,0.0,1708234200,72,Greed,2024-02-18,green
2024-02-19,42.750183792079206,286377.2,14.85262,2,0.0,1708320600,75,Extreme Greed,2024-02-19,
2024-02-20,83.68279035897436,119419.72,3.073675,2,0.0,1708407000,72,Greed,2024-02-20,green
2024-02-21,84.49084409090909,108047.51999999999,2.970629,2,0.0,1708493400,78,Extreme Greed,2024-02-21,
2024-02-22,44.25119397727272,373033.87,25.45258,2,0.0,1708579800,74,Greed,2024-02-22,green
2024-02-23,9.91995055944056,111106.14,-2.067069,1,0.0,1708666200,76,Extreme Greed,2024-02-23,
2024-02-25,-6.1541,4480.13,-0.0896,1,0.0,1708839000,74,Greed,2024-02-25,green
2024-02-26,113.25249487179488,192187.14,-0.09772499999999981,2,0.0,1708925400,72,Greed,2024-02-26,green
2024-02-27,14.103360841269842,209362.3,-3.761609,2,0.0,1709011800,79,Extreme Greed,2024-02-27,
2024-02-28,55.63882744444444,171107.13,-1.377152,1,0.0,1709098200,82,Extreme Greed,2024-02-28,
2024-02-29,84.60342234482759,395666.73,1.3590849999999999,2,0.0,1709184600,80,Extreme Greed,2024-02-29,
2024-03-01,60.176944591240876,472974.7,-0.546854,1,0.0,1709271000,80,Extreme Greed,2024-03-01,
2024-03-02,7.448406451612905,63197.56,-0.4691290000000001,2,0.0,1709357400,80,Extreme Greed,2024-03-02,
2024-03-03,105.83653474683545,390745.68,-2.507103,1,0.0,1709443800,83,Extreme Greed,2024-03-03,
2024-03-04,92.66591914,1577996.87,-0.559449,2,0.0,1709530200,82,Extreme Greed,2024-03-04,
2024-03-05,109.95014467222222,841810.32,-4.438459,1,0.0,1709616600,90,Extreme Greed,2024-03-05,
2024-03-06,83.10762364634145,327218.02,-3.355318,1,0.0,1709703000,75,Extreme Greed,2024-03-06,
2024-03-08,63.7594960597015,183583.18,-3.6716290000000003,1,0.0,1709875800,81,Extreme Greed,2024-03-08,
2024-03-09,85.03847541880343,658178.75,1.8517640000000002,1,0.0,1709962200,84,Extreme Greed,2024-03-09,
2024-03-10,59.117314285714286,219973.85,2.281072,1,0.0,1710048600,79,Extreme Greed,2024-03-10,
2024-03-11,85.43284511904761,176519.44999999998,8.47289,1,0.0,1710135000,82,Extreme Greed,2024-03-11,
2024-03-12,379.89575,103040.85,4.945953,1,0.0,1710221400,81,Extreme Greed,2024-03-12,
2024-03-13,0.0,6000.799999999999,2.100278,1,0.0,1710307800,81,Extreme Greed,2024-03-13,
2024-03-14,192.5481017777778,205933.18,11.716792,2,0.0,1710394200,88,Extreme Greed,2024-03-14,
2024-03-15,100.58892985483871,351894.41,49.485003,3,0.0,1710480600,83,Extreme Greed,2024-03-15,
2024-03-16,28.57248,37223.66,10.52828,2,0.0,1710567000,81,Extreme Greed,2024-03-16,
2024-03-17,21.882345869565217,99506.95,33.763329,3,0.0,1710653400,79,Extreme Greed,2024-03-17,
2024-03-18,76.68198421052631,90458.08,24.943279999999998,3,0.0,1710739800,77,Extreme Greed,2024-03-18,
2024-03-19,27.86658220833333,219884.84,25.988312,3,0.0,1710826200,79,Extreme Greed,2024-03-19,
2024-03-20,93.08890723188406,215705.85,39.878838,2,0.0,1710912600,74,Greed,2024-03-20,green
2024-03-21,83.41100267857142,117895.57,16.394750000000002,3,0.0,1710999000,78,Extreme Greed,2024-03-21,
2024-03-24,68.26413036842105,92592.20999999999,8.888837,1,0.0,1711258200,74,Greed,2024-03-24,green
2024-03-25,186.13091828571427,57116.32,19.990712,1,0.0,1711344600,75,Extreme Greed,2024-03-25,
2024-03-26,27.253445703389833,198565.19,28.147402999999997,2,0.0,1711431000,81,Extreme Greed,2024-03-26,
2024-03-27,3.9581878947368416,99864.79,31.717952,2,0.0,1711517400,83,Extreme Greed,2024-03-27,
2024-03-28,17.527000615384615,35323.72,9.059229,2,0.0,1711603800,80,Extreme Greed,2024-03-28,
2024-03-29,58.873160266666666,86914.37,30.420029999999997,1,0.0,1711690200,79,Extreme Greed,2024-03-29,
2024-03-30,24.45722533333333,101103.92,9.939454,1,0.0,1711776600,75,Extreme Greed,2024-03-30,
2024-03-31,70.21431884615384,39912.96,13.969522000000001,1,0.0,1711863000,75,Extreme Greed,2024-03-31,
2024-04-01,32.57095332467532,339470.47,83.751362,2,0.0,1711949400,79,Extreme Greed,2024-04-01,
2024-04-02,21.555141756097562,239664.50999999998,80.13257399999999,2,0.0,1712035800,79,Extreme Greed,2024-04-02,
2024-04-03,31.6971,16887.57,1.661201,2,0.0,1712122200,71,Greed,2024-04-03,green
2024-04-04,0.0,95987.73,33.595684999999996,1,0.0,1712208600,70,Greed,2024-04-04,green
2024-04-05,107.06484306,503791.8,103.430138,3,0.0,1712295000,79,Extreme Greed,2024-04-05,
2024-04-06,14.770945874999999,68223.67,23.878277,1,0.0,1712381400,75,Extreme Greed,2024-04-06,
2024-04-07,0.0,49988.14,17.495845,1,0.0,1712467800,78,Extreme Greed,2024-04-07,
2024-04-08,40.614223333333335,211940.64,61.790548,2,0.0,1712554200,76,Extreme Greed,2024-04-08,
2024-04-09,0.0,57063.840000000004,19.972341,1,0.0,1712640600,80,Extreme Greed,2024-04-09,
2024-04-10,127.01081497560976,351735.97,123.107562,1,0.0,1712727000,78,Extreme Greed,2024-04-10,
2024-04-11,24.35894775,76400.96,26.740329,1,0.0,1712813400,76,Extreme Greed,2024-04-11,
2024-04-12,-4.594153790697676,442088.59,97.560875,3,0.0,1712899800,79,Extreme Greed,2024-04-12,
2024-04-13,74.3983343258427,486411.25,118.999176,2,0.0,1712986200,72,Greed,2024-04-13,green
2024-04-14,-337.4206777570094,659162.17,213.477404,2,0.0,1713072600,72,Greed,2024-04-14,green
2024-04-15,92.05094439024391,291111.19,40.650603999999994,2,0.0,1713159000,74,Greed,2024-04-15,green
2024-04-16,52.504302574468085,181907.17,18.457685,2,0.0,1713245400,65,Greed,2024-04-16,green
2024-04-17,174.39059999999998,97562.99,10.620963,1,0.0,1713331800,67,Greed,2024-04-17,green
2024-04-19,55.61272748571429,337257.92000000004,118.04025999999999,1,0.0,1713504600,66,Greed,2024-04-19,green
2024-04-20,0.0,60733.24,121.289047,2,0.0,1713591000,66,Greed,2024-04-20,green
2024-04-22,0.0,47993.61,16.797764,1,0.0,1713763800,73,Greed,2024-04-22,green
2024-04-23,16.962669636363636,233054.9,71.308476,2,0.0,1713850200,71,Greed,2024-04-23,green
2024-04-24,13.95929535,141275.24,49.446315999999996,1,0.0,1713936600,72,Greed,2024-04-24,green
2024-04-25,0.0,120241.01,160.159512,2,0.0,1714023000,72,Greed,2024-04-25,green
2024-04-26,0.0,4988.290000000001,1.745898,1,0.0,1714109400,70,Greed,2024-04-26,green
2024-04-27,158.57363477777778,154264.47,53.99255,1,0.0,1714195800,67,Greed,2024-04-27,green
2024-04-28,0.0,43985.6,15.394946,2,0.0,1714282200,65,Greed,2024-04-28,green
2024-04-29,11.709640799999999,108699.01,38.04463,2,0.0,1714368600,67,Greed,2024-04-29,green
2024-04-30,0.0,125018.75,43.75655,1,0.0,1714455000,67,Greed,2024-04-30,green
2024-05-01,0.0,87025.45,30.458908,1,0.0,1714541400,54,Neutral,2024-05-01,
2024-05-03,147.3893623611111,282682.64999999997,98.910681,3,0.0,1714714200,48,Neutral,2024-05-03,
2024-05-04,0.0,58998.75,20.649559,2,0.0,1714800600,67,Greed,2024-05-04,green
2024-05-05,0.15266666666666667,24068.350000000002,8.412778,2,0.0,1714887000,69,Greed,2024-05-05,green
2024-05-06,107.62115333333333,206016.43,72.105746,1,0.0,1714973400,71,Greed,2024-05-06,green
2024-05-07,49.08542738888889,108717.58,38.039061,3,0.0,1715059800,68,Greed,2024-05-07,green
2024-05-08,0.12044307692307693,65973.57,23.076826,2,0.0,1715146200,64,Greed,2024-05-08,green
2024-05-09,40.985566285714285,221966.12,77.688132,2,0.0,1715232600,55,Greed,2024-05-09,green
2024-05-10,95.53371340909092,156882.0,54.90869,1,0.0,1715319000,66,Greed,2024-05-10,green
2024-05-11,27.956082444444444,63248.95,22.137125,1,0.0,1715405400,53,Neutral,2024-05-11,
2024-05-12,0.0,55179.56,19.312829,2,0.0,1715491800,56,Greed,2024-05-12,green
2024-05-13,76.31620925,193118.9,67.591599,2,0.0,1715578200,57,Greed,2024-05-13,green
2024-05-14,50.02275239130436,145853.4,51.048685,1,0.0,1715664600,66,Greed,2024-05-14,green
2024-05-15,26.360293944444447,234922.57,82.222887,1,0.0,1715751000,64,Greed,2024-05-15,green
2024-05-16,7.94777037037037,162620.96,56.91732,2,0.0,1715837400,70,Greed,2024-05-16,green
2024-05-18,140.89578644000002,126303.14,44.206092,1,0.0,1716010200,73,Greed,2024-05-18,green
2024-05-19,0.0,29998.09,10.499327000000001,1,0.0,1716096600,72,Greed,2024-05-19,green
2024-05-20,-7.4818442,38124.75,13.343662,2,0.0,1716183000,70,Greed,2024-05-20,green
2024-05-21,58.31518057599999,1100948.59,385.331944,2,0.0,1716269400,76,Extreme Greed,2024-05-21,
2024-05-22,0.0,44995.29,15.748349000000001,1,0.0,1716355800,76,Extreme Greed,2024-05-22,
2024-05-23,1.2718379353846154,401850.6,113.43007899999999,3,0.0,1716442200,76,Extreme Greed,2024-05-23,
2024-05-24,410.974639,50811.899999999994,17.784165,1,0.0,1716528600,74,Greed,2024-05-24,green
2024-05-25,0.8828774374999999,29991.129999999997,10.246887000000001,2,0.0,1716615000,76,Extreme Greed,2024-05-25,
2024-05-26,48.66774375,53976.67,18.768190999999998,2,0.0,1716701400,75,Extreme Greed,2024-05-26,
2024-05-27,4.499425776892431,151115.72,45.832466,1,0.0,1716787800,74,Greed,2024-05-27,green
2024-05-29,1.6938533719512194,84268.76,36.876599,2,0.0,1716960600,72,Greed,2024-05-29,green
2024-05-30,2.9930618571428576,2838.09,0.993326,1,0.0,1717047000,73,Greed,2024-05-30,green
2024-05-31,1.9506246153846154,3636.14,1.272646,1,0.0,1717133400,73,Greed,2024-05-31,green
2024-06-01,3.66041676,12834.62,4.492106,1,0.0,1717219800,72,Greed,2024-06-01,green
2024-06-02,2.074268247311828,29464.51,7.792912,1,0.0,1717306200,73,Greed,2024-06-02,green
2024-06-03,8.040117257142859,21466.86,5.378086,1,0.0,1717392600,73,Greed,2024-06-03,green
2024-06-04,0.9851214716981133,24243.41,7.432953,1,0.0,1717479000,73,Greed,2024-06-04,green
2024-06-05,1.038064925925926,25350.77,7.1040600000000005,1,0.0,1717565400,75,Extreme Greed,2024-06-05,
2024-06-06,1.1716802863247862,137557.76,37.079424,1,0.0,1717651800,78,Extreme Greed,2024-06-06,
2024-06-07,20.23288049090909,1098588.76,372.962664,3,0.0,1717738200,77,Extreme Greed,2024-06-07,
2024-06-08,4.453063413793104,97351.88,34.073137,2,0.0,1717824600,72,Greed,2024-06-08,green
2024-06-09,0.0,22410.22,7.515775,2,0.0,1717911000,75,Extreme Greed,2024-06-09,
2024-06-10,0.589939716981132,46587.93,14.696328000000001,2,0.0,1717997400,72,Greed,2024-06-10,green
2024-06-11,35.12708789430894,373279.92,129.928213,3,0.0,1718083800,74,Greed,2024-06-11,green
2024-06-12,-86.16744682283463,193407.96,63.921417,2,0.0,1718170200,72,Greed,2024-06-12,green
2024-06-13,83.95895082278481,132577.22,33.39975,2,0.0,1718256600,70,Greed,2024-06-13,green
2024-06-14,330.9223422258064,139868.66,38.954076,2,0.0,1718343000,74,Greed,2024-06-14,green
2024-06-15,43.20459417948718,718350.25,251.422549,2,0.0,1718429400,74,Greed,2024-06-15,green
2024-06-16,0.0,25235.079999999998,8.832277,1,0.0,1718515800,71,Greed,2024-06-16,green
2024-06-17,278.9342730263158,368380.12,128.93302500000001,2,0.0,1718602200,71,Greed,2024-06-17,green
2024-06-18,11.3030544,263314.79,67.160258,2,0.0,1718688600,74,Greed,2024-06-18,green
2024-06-19,80.12552367213115,417071.12,138.851743,3,0.0,1718775000,64,Greed,2024-06-19,green
2024-06-20,1473.8065647692308,207990.8,13.46905,3,0.0,1718861400,60,Greed,2024-06-20,green
2024-06-21,9.66947755,176264.49,61.277099,2,0.0,1718947800,63,Greed,2024-06-21,green
2024-06-22,31.536523541666668,169594.27000000002,40.533382,2,0.0,1719034200,53,Neutral,2024-06-22,
2024-06-23,0.0,1792.12,0.17921199999999998,1,0.0,1719120600,55,Greed,2024-06-23,green
2024-06-24,0.0,403002.8,103.551001,2,0.0,1719207000,51,Neutral,2024-06-24,
2024-06-25,99.3745531632653,103099.08,36.084651,1,0.0,1719293400,30,Fear,2024-06-25,red
2024-06-26,58.30183586111111,365190.66000000003,127.5543,2,0.0,1719379800,46,Neutral,2024-06-26,
2024-06-27,0.0,130486.95,45.556012,2,0.0,1719466200,40,Fear,2024-06-27,red
2024-06-29,82.0043486,280095.11,460.295231,2,0.0,1719639000,30,Fear,2024-06-29,red
2024-06-30,0.0,30520.69,17.057669,2,0.0,1719725400,47,Neutral,2024-06-30,
2024-07-01,79.1537391875,362670.14999999997,425.323025,2,0.0,1719811800,53,Neutral,2024-07-01,
2024-07-02,134.514062,33347.47,11.458730000000001,1,0.0,1719898200,51,Neutral,2024-07-02,
2024-07-03,62.132626888888886,179600.66,62.628682,2,0.0,1719984600,50,Neutral,2024-07-03,
2024-07-04,0.0,430568.01,113.02464499999999,2,0.0,1720071000,44,Fear,2024-07-04,red
2024-07-05,0.0,272289.89,95.130717,2,0.0,1720157400,29,Fear,2024-07-05,red
2024-07-06,4.53634075,2490.17,344.35416,1,0.0,1720243800,26,Fear,2024-07-06,red
2024-07-07,6.1428942,498.75,0.049875,1,0.0,1720330200,29,Fear,2024-07-07,red
2024-07-08,0.0,497.64,0.0156,1,0.0,1720416600,28,Fear,2024-07-08,red
2024-07-09,43.265627466666665,2736.45,0.39756800000000003,1,0.0,1720503000,27,Fear,2024-07-09,red
2024-07-10,213.88812333928573,687900.21,240.76504,2,0.0,1720589400,28,Fear,2024-07-10,red
2024-07-11,98.77958326315789,169887.02,59.460443,1,0.0,1720675800,29,Fear,2024-07-11,red
2024-07-12,74.33235021052631,89582.97,31.354029,2,0.0,1720762200,25,Fear,2024-07-12,red
2024-07-13,171.38928452941175,139189.19,48.71621,2,0.0,1720848600,25,Fear,2024-07-13,red
2024-07-14,0.0,84001.13,29.400389,1,0.0,1720935000,33,Fear,2024-07-14,red
2024-07-15,-0.038461538461538464,198344.85,68.995769,2,0.0,1721021400,52,Neutral,2024-07-15,
2024-07-16,0.0,144000.57,50.400180999999996,1,0.0,1721107800,65,Greed,2024-07-16,green
2024-07-17,5.297064037037037,626005.53,206.601913,3,0.0,1721194200,69,Greed,2024-07-17,green
2024-07-18,63.398071849999994,649704.85,227.396664,2,0.0,1721280600,61,Greed,2024-07-18,green
2024-07-19,93.73439626086956,150269.42,52.594288,2,0.0,1721367000,60,Greed,2024-07-19,green
2024-07-20,8.643494609022557,244362.21,80.758418,2,0.0,1721453400,74,Greed,2024-07-20,green
2024-07-21,-6.608743051339286,234307.46,64.72334,2,0.0,1721539800,74,Greed,2024-07-21,green
2024-07-22,9.851427766233765,304213.8,97.459536,2,0.0,1721626200,70,Greed,2024-07-22,green
2024-07-23,242.9467627189189,358526.54,59.243126000000004,3,0.0,1721712600,71,Greed,2024-07-23,green
2024-07-24,6.9506831,69207.93,55.067279,5,0.0,1721799000,69,Greed,2024-07-24,green
2024-07-25,11.753054615384617,528555.31,224.185916,3,0.0,1721885400,68,Greed,2024-07-25,green
2024-07-26,18.200744164473683,548587.65,206.567015,4,0.0,1721971800,68,Greed,2024-07-26,green
2024-07-27,112.2916430877193,905199.75,316.819894,2,0.0,1722058200,72,Greed,2024-07-27,green
2024-07-28,36.706189375,43254.68,15.139122,2,0.0,1722144600,71,Greed,2024-07-28,green
2024-07-29,8.482165487179486,327199.14,114.519684,2,0.0,1722231000,74,Greed,2024-07-29,green
2024-07-30,0.0,36006.47,12.602264,1,0.0,1722317400,67,Greed,2024-07-30,green
2024-07-31,17.806764744186047,84506.54,29.577267000000003,2,0.0,1722403800,61,Greed,2024-07-31,green
2024-08-01,2.9312283684210527,227774.53,108.095036,4,0.0,1722490200,52,Neutral,2024-08-01,
2024-08-02,12.418542714285714,396320.37,145.520462,3,0.0,1722576600,57,Greed,2024-08-02,green
2024-08-03,12.545667567567568,290532.86,108.653106,5,0.0,1722663000,37,Fear,2024-08-03,red
2024-08-04,-965.9212667952756,1207744.07,445.902235,5,0.0,1722749400,34,Fear,2024-08-04,red
2024-08-05,-162.6708146125,420495.4,202.719158,4,0.0,1722835800,26,Fear,2024-08-05,red
2024-08-06,2.4982995140186914,61478.38,62.621279,2,0.0,1722922200,17,Extreme Fear,2024-08-06,
2024-08-07,5.720886515151515,2492.77,3.7522038,3,0.0,1723008600,29,Fear,2024-08-07,red
2024-08-08,-4.5235796666666666,16299.35,6.647995,2,0.0,1723095000,20,Extreme Fear,2024-08-08,
2024-08-09,125.56993941666666,503204.86,185.25438068,5,0.0,1723181400,48,Neutral,2024-08-09,
2024-08-10,0.0,11339.29,50.0831879,2,0.0,1723267800,40,Fear,2024-08-10,red
2024-08-11,35.32402583333334,44230.21,40.931287,2,0.0,1723354200,39,Fear,2024-08-11,red
2024-08-12,17.88896875,54167.32,36.071895,3,0.0,1723440600,25,Fear,2024-08-12,red
2024-08-13,9.220913913043479,20797.87,17.932876999999998,3,0.0,1723527000,31,Fear,2024-08-13,red
2024-08-14,86.75606052,66710.03,46.493106,3,0.0,1723613400,30,Fear,2024-08-14,red
2024-08-15,0.0,1522.3700000000001,16.50261,1,0.0,1723699800,29,Fear,2024-08-15,red
2024-08-16,23.578015542857145,166382.84,81.187942,2,0.0,1723786200,27,Fear,2024-08-16,red
2024-08-17,-9.609437100000001,30248.96,17.096539,2,0.0,1723872600,25,Fear,2024-08-17,red
2024-08-18,20.480125866666665,62804.48,21.981557000000002,2,0.0,1723959000,31,Fear,2024-08-18,red
2024-08-19,42.462447874999995,100315.03,35.110258,1,0.0,1724045400,28,Fear,2024-08-19,red
2024-08-20,16.050237,49914.8,17.470174,2,0.0,1724131800,30,Fear,2024-08-20,red
2024-08-21,4.525523620689655,104990.41,36.746583,2,0.0,1724218200,26,Fear,2024-08-21,red
2024-08-23,100.53052699999999,63509.56,22.228341999999998,1,0.0,1724391000,34,Fear,2024-08-23,red
2024-08-24,0.0,34999.67,12.249882,2,0.0,1724477400,56,Greed,2024-08-24,green
2024-08-25,0.0,21950.28,26.303603,2,0.0,1724563800,54,Neutral,2024-08-25,
2024-08-26,38.539486333333336,92611.27,32.302932,2,0.0,1724650200,55,Greed,2024-08-26,green
2024-08-27,0.0,70250.16,52.053552,2,0.0,1724736600,48,Neutral,2024-08-27,
2024-08-28,148.15107166666667,71160.06999999999,24.906026,2,0.0,1724823000,30,Fear,2024-08-28,red
2024-08-29,0.0,9995.85,3.498547,1,0.0,1724909400,29,Fear,2024-08-29,red
2024-08-30,42.744,37233.24,13.031175999999999,4,0.0,1724995800,34,Fear,2024-08-30,red
2024-08-31,0.3200823823529412,107507.43000000001,39.955315,3,0.0,1725082200,29,Fear,2024-08-31,red
2024-09-01,11.452757750000002,12359.68,4.325861,1,0.0,1725168600,26,Fear,2024-09-01,red
2024-09-02,0.0,30000.42,10.500148,1,0.0,1725255000,26,Fear,2024-09-02,red
2024-09-04,31.346621529411763,131480.97,63.570226999999996,2,0.0,1725427800,27,Fear,2024-09-04,red
2024-09-05,0.0,0.84,0.0,1,0.0,1725514200,29,Fear,2024-09-05,red
2024-09-06,-26.306113452380952,39047.1,13.666476,2,0.0,1725600600,22,Extreme Fear,2024-09-06,
2024-09-08,0.0,0.11,0.0,1,0.0,1725773400,29,Fear,2024-09-08,red
2024-09-09,0.0,4014.4300000000003,34.9079,1,0.0,1725859800,26,Fear,2024-09-09,red
2024-09-10,-73.24321966666666,2547.28,7.2904,2,0.0,1725946200,33,Fear,2024-09-10,red
2024-09-11,0.0,0.54,0.0,1,0.0,1726032600,37,Fear,2024-09-11,red
2024-09-14,0.0,1014.8000000000001,30.381330000000002,2,0.0,1726291800,50,Neutral,2024-09-14,
2024-09-18,-6.059895131034483,13633.5,31.732943,1,0.0,1726637400,45,Neutral,2024-09-18,
2024-09-19,0.0,1521.8700000000001,28.60766,1,0.0,1726723800,49,Neutral,2024-09-19,
2024-09-20,599.0646425,332873.38,109.317031,2,0.0,1726810200,54,Neutral,2024-09-20,
2024-09-21,1572.416057826087,165648.12,57.976841,1,0.0,1726896600,54,Neutral,2024-09-21,
2024-09-22,0.0,19999.739999999998,6.999907,1,0.0,1726983000,52,Neutral,2024-09-22,
2024-09-23,167.380398,40334.29,14.117002000000001,1,0.0,1727069400,50,Neutral,2024-09-23,
2024-09-24,0.0,7118.63,12.966142,2,0.0,1727155800,54,Neutral,2024-09-24,
2024-09-25,0.0,52754.130000000005,17.764677,2,0.0,1727242200,59,Greed,2024-09-25,green
2024-09-26,54.976564125,113711.93000000001,31.348204,2,0.0,1727328600,50,Neutral,2024-09-26,
2024-09-27,0.0,126097.04,37.503311,2,0.0,1727415000,61,Greed,2024-09-27,green
2024-09-28,0.0,29199.21,2.8031200000000003,1,0.0,1727501400,64,Greed,2024-09-28,green
2024-09-30,25.571946113207545,214669.85,65.637576,2,0.0,1727674200,61,Greed,2024-09-30,green
2024-10-01,0.0,139954.32,48.98401,1,0.0,1727760600,50,Neutral,2024-10-01,
2024-10-02,0.0,99954.34,34.984016999999994,1,0.0,1727847000,42,Fear,2024-10-02,red
2024-10-03,11.152864666666666,132935.69,46.527491000000005,2,0.0,1727933400,37,Fear,2024-10-03,red
2024-10-04,0.0,0.34,0.0,1,0.0,1728019800,41,Fear,2024-10-04,red
2024-10-05,155.86924032432432,605605.74,211.961771,2,0.0,1728106200,49,Neutral,2024-10-05,
2024-10-06,5.9312308636363635,300130.56,105.045693,1,0.0,1728192600,50,Neutral,2024-10-06,
2024-10-07,0.0,219984.65,76.994616,1,0.0,1728279000,50,Neutral,2024-10-07,
2024-10-08,149.90407327777777,434584.13,152.10422,2,0.0,1728365400,49,Neutral,2024-10-08,
2024-10-09,28.290194285714286,220399.93,77.139967,1,0.0,1728451800,49,Neutral,2024-10-09,
2024-10-10,0.0,300024.33999999997,105.00851,1,0.0,1728538200,39,Fear,2024-10-10,red
2024-10-11,341.74336450000004,488904.19,171.116194,2,0.0,1728624600,32,Fear,2024-10-11,red
2024-10-12,54.155471,159713.4,55.899685,1,0.0,1728711000,49,Neutral,2024-10-12,
2024-10-13,0.0,60002.42,21.000841,1,0.0,1728797400,50,Neutral,2024-10-13,
2024-10-14,382.72391600000003,61916.020000000004,21.670604,1,0.0,1728883800,48,Neutral,2024-10-14,
2024-10-15,167.17515371428573,81173.36,28.410673,1,0.0,1728970200,65,Greed,2024-10-15,green
2024-10-16,19.95280690909091,80229.17,28.080204000000002,1,0.0,1729056600,73,Greed,2024-10-16,green
2024-10-17,4.0127733333333335,140531.75,49.186107,2,0.0,1729143000,71,Greed,2024-10-17,green
2024-10-18,55.536523499999994,120331.43000000001,42.115998,1,0.0,1729229400,73,Greed,2024-10-18,green
2024-10-19,0.0,99996.86,34.998901000000004,1,0.0,1729315800,72,Greed,2024-10-19,green
2024-10-20,4.05370621875,176447.86000000002,59.257459,2,0.0,1729402200,73,Greed,2024-10-20,green
2024-10-21,14.248066843930635,324117.99,109.858043,2,0.0,1729488600,72,Greed,2024-10-21,green
2024-10-22,0.0,60000.36,21.000124,1,0.0,1729575000,70,Greed,2024-10-22,green
2024-10-23,-2.5827745,210006.07,73.502111,1,0.0,1729661400,71,Greed,2024-10-23,green
2024-10-25,441.19540236666666,427883.18,143.841914,2,0.0,1729834200,72,Greed,2024-10-25,green
2024-10-27,166.66557699999998,90664.41,31.73254,1,0.0,1730007000,74,Greed,2024-10-27,green
2024-10-28,12.867704769230771,121495.25,42.27334,2,0.0,1730093400,72,Greed,2024-10-28,green
2024-10-29,15.11643162264151,613267.8099999999,214.643714,2,0.0,1730179800,72,Greed,2024-10-29,green
2024-10-30,0.36600091999999995,11830.85,3.596988,1,0.0,1730266200,77,Extreme Greed,2024-10-30,
2024-10-31,25.292579395833332,896173.36,312.710928,3,0.0,1730352600,77,Extreme Greed,2024-10-31,
2024-11-01,45.238075478260875,260981.03,90.654875,2,0.0,1730439000,75,Extreme Greed,2024-11-01,
2024-11-02,0.0,40000.0,13.999997,1,0.0,1730525400,72,Greed,2024-11-02,green
2024-11-03,0.0,129055.66,40.404152,2,0.0,1730611800,74,Greed,2024-11-03,green
2024-11-04,77.76140205555555,451811.97,158.13418000000001,2,0.0,1730698200,70,Greed,2024-11-04,green
2024-11-05,67.8475928,200627.23,70.219524,1,0.0,1730784600,70,Greed,2024-11-05,green
2024-11-06,187.85581533333334,123906.9,43.36741,2,0.0,1730871000,70,Greed,2024-11-06,green
2024-11-07,39.764187044247784,111335.3,26.17844238,3,0.0,1730957400,77,Extreme Greed,2024-11-07,
2024-11-08,-1.6516292564102582,270700.44,93.87825699999999,2,0.0,1731043800,75,Extreme Greed,2024-11-08,
2024-11-09,1.196615581395349,193384.41,66.18450299999999,2,0.0,1731130200,75,Extreme Greed,2024-11-09,
2024-11-10,5.728984589595376,413636.7,142.313546,3,0.0,1731216600,78,Extreme Greed,2024-11-10,
2024-11-11,18.09552545844504,1570572.42,396.91055,4,0.0,1731303000,76,Extreme Greed,2024-11-11,
2024-11-12,20.435084175438597,1226354.52,427.904853,4,0.0,1731389400,80,Extreme Greed,2024-11-12,
2024-11-13,163.46671404166668,515336.37,179.184068,5,0.0,1731475800,84,Extreme Greed,2024-11-13,
2024-11-14,41.4864475,1008361.81,335.028802,2,0.0,1731562200,88,Extreme Greed,2024-11-14,
2024-11-15,27.790204281879195,1427858.42,466.427513,4,0.0,1731648600,80,Extreme Greed,2024-11-15,
2024-11-16,17.640266936305732,303296.07,100.171303,4,0.0,1731735000,86,Extreme Greed,2024-11-16,
2024-11-17,4.224762129186603,1215987.57,271.111689,4,0.0,1731821400,90,Extreme Greed,2024-11-17,
2024-11-18,12.921431176300578,2084339.58,445.104339,7,0.0,1731907800,83,Extreme Greed,2024-11-18,
2024-11-19,9.699242593442623,628031.15,201.486933,5,0.0,1731994200,90,Extreme Greed,2024-11-19,
2024-11-20,7.654714358181818,1999514.1199999999,644.057369,5,0.0,1732080600,83,Extreme Greed,2024-11-20,
2024-11-21,3.1634222261682243,598300.62,198.628267,5,0.0,1732167000,82,Extreme Greed,2024-11-21,
2024-11-22,-26.664721085419732,1646713.62,436.439059,6,0.0,1732253400,94,Extreme Greed,2024-11-22,
2024-11-23,7.993200104683195,516245.68,154.621867,4,0.0,1732339800,93,Extreme Greed,2024-11-23,
2024-11-24,5.497385965116279,664952.28,202.583126,3,0.0,1732426200,80,Extreme Greed,2024-11-24,
2024-11-25,21.66172836862745,937410.87,283.779701,2,0.0,1732512600,82,Extreme Greed,2024-11-25,
2024-11-26,3.6251965529801327,1146902.44,311.298478,4,0.0,1732599000,79,Extreme Greed,2024-11-26,
2024-11-27,-12.462420812206572,1444242.53,439.714536,2,0.0,1732685400,75,Extreme Greed,2024-11-27,
2024-11-28,-382.75722766566264,1894225.15,315.582009,5,0.0,1732771800,77,Extreme Greed,2024-11-28,
2024-11-29,449.98726247328244,794262.91,192.45173557,11,0.0,1732858200,78,Extreme Greed,2024-11-29,
2024-11-30,100.04475474530831,1732193.7,552.3753395,8,0.0,1732944600,84,Extreme Greed,2024-11-30,
2024-12-01,98.28453003365385,814711.82,245.38375138,9,0.0,1733031000,81,Extreme Greed,2024-12-01,
2024-12-02,68.48001597407408,585243.56,147.88781359,8,0.0,1733117400,80,Extreme Greed,2024-12-02,
2024-12-03,63.03887509358289,1084666.53,330.57309170999997,8,0.0,1733203800,76,Extreme Greed,2024-12-03,
2024-12-04,918.1561599404388,769287.65,172.60641765,7,0.0,1733290200,78,Extreme Greed,2024-12-04,
2024-12-05,156.96078615789474,1256750.79,352.76572323,8,0.0,1733376600,84,Extreme Greed,2024-12-05,
2024-12-06,-229.83782604218362,3471019.22,691.99378587,10,0.0,1733463000,72,Greed,2024-12-06,green
2024-12-07,282.5864442993421,451733.42,108.4520379,6,0.0,1733549400,75,Extreme Greed,2024-12-07,
2024-12-08,38.014127228571425,932939.72,234.17888346,6,0.0,1733635800,79,Extreme Greed,2024-12-08,
2024-12-09,11.708659881261596,983949.68,174.77343643,10,0.0,1733722200,78,Extreme Greed,2024-12-09,
2024-12-10,24.640206911654136,3150424.08,453.54068535,11,0.0,1733808600,78,Extreme Greed,2024-12-10,
2024-12-11,261.30348420720725,2194098.33,413.50923006,12,0.0,1733895000,74,Greed,2024-12-11,green
2024-12-12,310.1199767122153,4557189.87,698.96545151,14,0.0,1733981400,83,Extreme Greed,2024-12-12,
2024-12-13,27.22583268968457,2880824.64,453.22737636,11,0.0,1734067800,76,Extreme Greed,2024-12-13,
2024-12-14,135.87157833522267,2369561.78,232.09144503,12,0.0,1734154200,83,Extreme Greed,2024-12-14,
2024-12-15,57.4692488385386,2583269.81,231.33057037999998,15,0.0,1734240600,80,Extreme Greed,2024-12-15,
2024-12-16,158.07994704549765,2740808.97,402.150056,13,0.0,1734327000,83,Extreme Greed,2024-12-16,
2024-12-17,113.13307839876352,5233597.63,746.14038598,16,0.0,1734413400,87,Extreme Greed,2024-12-17,
2024-12-18,9.575223703988803,3798887.07,691.44797021,13,0.0,1734499800,81,Extreme Greed,2024-12-18,
2024-12-19,18.79125621024259,8241709.39,1056.23317908,13,0.0,1734586200,75,Extreme Greed,2024-12-19,
2024-12-20,102.47976689670418,7681274.71,1210.83830578,15,0.0,1734672600,74,Greed,2024-12-20,green
2024-12-21,89.24578415050566,4382875.12,680.39159713,8,0.0,1734759000,73,Greed,2024-12-21,green
2024-12-22,455.03509557235145,3087320.22,333.05684453,8,0.0,1734845400,73,Greed,2024-12-22,green
2024-12-23,-12.53967898466127,6771878.26,1200.89694657,14,0.0,1734931800,70,Greed,2024-12-23,green
2024-12-24,43.827751822485205,1767036.11,386.78244023,11,0.0,1735018200,73,Greed,2024-12-24,green
2024-12-25,3.637774264423076,347889.35,66.51878221999999,6,0.0,1735104600,73,Greed,2024-12-25,green
2024-12-26,86.41124780774749,2205242.65,523.35899848,7,0.0,1735191000,79,Extreme Greed,2024-12-26,
2024-12-27,10.280042442307693,347913.0,88.5556466,7,0.0,1735277400,74,Greed,2024-12-27,green
2024-12-28,5.842693310559007,281555.01,48.40849263,7,0.0,1735363800,72,Greed,2024-12-28,green
2024-12-29,14.348596651741294,344628.54,72.1173571,7,0.0,1735450200,73,Greed,2024-12-29,green
2024-12-30,29.637296503289473,1073865.73,284.90632048,9,0.0,1735536600,65,Greed,2024-12-30,green
2024-12-31,17.794159509803922,877164.62,266.51641113,6,0.0,1735623000,64,Greed,2024-12-31,green
2025-01-01,-99.25068067708334,282582.1,31.60438221,6,0.0,1735709400,66,Greed,2025-01-01,green
2025-01-02,24.145482235457067,774674.84,176.13969323,9,0.0,1735795800,70,Greed,2025-01-02,green
2025-01-03,11.867099986220472,771208.99,210.99783681,9,0.0,1735882200,74,Greed,2025-01-03,green
2025-01-04,6.882851665768194,1826029.6199999999,233.711971,9,0.0,1735968600,73,Greed,2025-01-04,green
2025-01-05,13.337737920502093,451943.57,139.34161097,8,0.0,1736055000,72,Greed,2025-01-05,green
2025-01-06,10.583220581151831,556526.99,174.93108825,7,0.0,1736141400,76,Extreme Greed,2025-01-06,
2025-01-07,25.271942748822607,1313178.1,303.38645263,6,0.0,1736227800,78,Extreme Greed,2025-01-07,
2025-01-08,125.23300342059672,3177275.18,696.91291038,11,0.0,1736314200,70,Greed,2025-01-08,green
2025-01-09,89.99220096168582,1020733.25,275.51377943,7,0.0,1736400600,69,Greed,2025-01-09,green
2025-01-10,-12.352717401709402,6547449.68,2094.17917505,7,0.0,1736487000,50,Neutral,2025-01-10,
2025-01-11,8.017952424028268,1658098.71,494.64797735,7,0.0,1736573400,69,Greed,2025-01-11,green
2025-01-12,9.538607646179402,2258459.17,612.0827527,7,0.0,1736659800,62,Greed,2025-01-12,green
2025-01-13,23.66526801960784,2936648.0100000002,863.10012478,11,0.0,1736746200,61,Greed,2025-01-13,green
2025-01-14,58.43459038181818,876581.97,240.59104948,9,0.0,1736832600,63,Greed,2025-01-14,green
2025-01-15,55.50407602996255,1801599.8900000001,513.60899482,11,0.0,1736919000,70,Greed,2025-01-15,green
2025-01-16,56.08546988679245,3049692.96,890.56916796,9,0.0,1737005400,75,Extreme Greed,2025-01-16,
2025-01-17,29.43872104201681,1110230.46,351.41464889,8,0.0,1737091800,75,Extreme Greed,2025-01-17,
2025-01-18,0.6808495883256523,2711629.88,815.9342014599999,12,0.0,1737178200,77,Extreme Greed,2025-01-18,
2025-01-19,56.10963580216975,9715215.3,2162.35563971,15,0.0,1737264600,77,Extreme Greed,2025-01-19,
2025-01-20,66.37052408593155,8287327.01,2207.65981966,15,0.0,1737351000,76,Extreme Greed,2025-01-20,
2025-01-21,20.901583813207548,1523729.82,398.3042653,8,0.0,1737437400,76,Extreme Greed,2025-01-21,
2025-01-22,24.66875968389423,1778406.43,471.17013976,10,0.0,1737523800,84,Extreme Greed,2025-01-22,
2025-01-23,83.13320374384236,3697028.66,1088.34986968,12,0.0,1737610200,75,Extreme Greed,2025-01-23,
2025-01-24,12.131326931350113,1611433.45,338.6436011,11,0.0,1737696600,75,Extreme Greed,2025-01-24,
2025-01-25,-20.450625011857706,1239377.7,318.93376206,11,0.0,1737783000,75,Extreme Greed,2025-01-25,
2025-01-26,90.51766445232816,1201173.66,382.25815423,7,0.0,1737869400,73,Greed,2025-01-26,green
2025-01-27,53.469295461837,1508028.31,406.25916743,15,0.0,1737955800,71,Greed,2025-01-27,green
2025-01-28,36.103642516064255,579412.17,124.71028463,8,0.0,1738042200,72,Greed,2025-01-28,green
2025-01-29,25.737375241758244,1897513.41,612.52114509,9,0.0,1738128600,72,Greed,2025-01-29,green
2025-01-30,21.64711470009372,3014397.17,874.65111573,11,0.0,1738215000,70,Greed,2025-01-30,green
2025-01-31,35.303441705708664,2783411.48,670.93805151,11,0.0,1738301400,76,Extreme Greed,2025-01-31,
2025-02-01,50.946695610410096,1363746.44,285.47738189,12,0.0,1738387800,68,Greed,2025-02-01,green
2025-02-02,123.46835452843062,5661092.29,1184.12208921,13,0.0,1738474200,60,Greed,2025-02-02,green
2025-02-03,146.58459086932774,22592901.37,2991.56562406,12,0.0,1738560600,44,Fear,2025-02-03,red
2025-02-04,165.9541752070064,15678409.27,3853.77856394,13,0.0,1738647000,72,Greed,2025-02-04,green
2025-02-05,43.721075992289904,8743231.51,1335.74961667,11,0.0,1738733400,54,Neutral,2025-02-05,
2025-02-06,19.84955944392249,2818508.87,709.13035861,11,0.0,1738819800,49,Neutral,2025-02-06,
2025-02-07,14.730972500656167,3460263.54,738.0892383400001,13,0.0,1738906200,44,Fear,2025-02-07,red
2025-02-08,1.0203534834782608,839734.97,109.97628618,10,0.0,1738992600,44,Fear,2025-02-08,red
2025-02-09,197.05736844502616,2920919.7,427.36182496,12,0.0,1739079000,46,Neutral,2025-02-09,
2025-02-10,71.88807047244094,3624958.44,491.3623421,14,0.0,1739165400,43,Fear,2025-02-10,red
2025-02-11,-7.186067001179245,2797544.17,476.43012785,12,0.0,1739251800,47,Neutral,2025-02-11,
2025-02-12,19.251828353055284,4143974.54,1099.15503114,12,0.0,1739338200,46,Neutral,2025-02-12,
2025-02-13,20.313528640875912,3199852.21,823.48748402,11,0.0,1739424600,50,Neutral,2025-02-13,
2025-02-14,129.22095184773414,4007103.42,961.57771575,15,0.0,1739511000,48,Neutral,2025-02-14,
2025-02-15,48.32932082618026,1712852.95,374.08731802,12,0.0,1739597400,50,Neutral,2025-02-15,
2025-02-16,3.4794103157121876,806177.64,171.57200528,10,0.0,1739683800,54,Neutral,2025-02-16,
2025-02-17,1.9325964877789585,2031044.64,253.48675564,9,0.0,1739770200,51,Neutral,2025-02-17,
2025-02-18,54.418062292959426,3371128.68,609.53940291,11,0.0,1739856600,47,Neutral,2025-02-18,
2025-02-19,11.010870463629685,3263930.24,688.4874495,10,0.0,1739943000,44,Fear,2025-02-19,red
2025-02-20,22.867193887673956,4628609.29,1232.46402475,11,0.0,1740029400,49,Neutral,2025-02-20,
2025-02-21,63.904695114789114,3972159.88,829.71831377,14,0.0,1740115800,55,Greed,2025-02-21,green
2025-02-22,36.849423,3175570.2,880.16463397,10,0.0,1740202200,49,Neutral,2025-02-22,
2025-02-23,20.494104328846156,1141310.74,230.00271917,12,0.0,1740288600,50,Neutral,2025-02-23,
2025-02-24,6.850102607193732,11223619.59,2097.96443324,14,0.0,1740375000,49,Neutral,2025-02-24,
2025-02-25,32.782929400256165,19414984.36,3186.61506431,18,0.0,1740461400,25,Fear,2025-02-25,red
2025-02-26,53.76621014370748,4946958.13,754.17254667,13,0.0,1740547800,21,Extreme Fear,2025-02-26,
2025-02-27,-41.039514064044944,1999898.43,512.14597331,9,0.0,1740634200,10,Extreme Fear,2025-02-27,
2025-02-28,221.4211077016683,4123660.77,878.39826396,13,0.0,1740720600,16,Extreme Fear,2025-02-28,
2025-03-01,60.897177977011495,263824.13,37.06354539,5,0.0,1740807000,20,Extreme Fear,2025-03-01,
2025-03-02,125.77879832330827,6460848.74,1931.69694201,10,0.0,1740893400,26,Fear,2025-03-02,red
2025-03-03,415.9332201302294,8244590.38,1040.56404242,14,0.0,1740979800,33,Fear,2025-03-03,red
2025-03-04,75.80165136761032,11124247.15,2220.33648528,16,0.0,1741066200,15,Extreme Fear,2025-03-04,
2025-03-05,162.24600356445782,9193654.22,2321.32151085,13,0.0,1741152600,20,Extreme Fear,2025-03-05,
2025-03-06,21.18569152763158,6765324.96,1306.61716326,12,0.0,1741239000,25,Fear,2025-03-06,red
2025-03-07,58.86993010462382,19854275.48,4916.50104687,14,0.0,1741325400,34,Fear,2025-03-07,red
2025-03-08,46.69333338185255,892083.51,208.339773,13,0.0,1741411800,28,Fear,2025-03-08,red
2025-03-09,13.905384947257385,10419697.99,2377.0639268,12,0.0,1741498200,27,Fear,2025-03-09,red
2025-03-10,-3.438690233596702,16811790.68,3488.37247123,14,0.0,1741584600,20,Extreme Fear,2025-03-10,
2025-03-11,-23.3964482763238,14016952.09,2441.08024204,16,0.0,1741671000,24,Extreme Fear,2025-03-11,
2025-03-12,72.60735489289314,18618139.15,3658.41357197,13,0.0,1741757400,34,Fear,2025-03-12,red
2025-03-13,14.672422944906446,3285591.22,809.18670717,13,0.0,1741843800,45,Neutral,2025-03-13,
2025-03-14,31.061610899999998,8047187.16,1193.48707492,10,0.0,1741930200,27,Fear,2025-03-14,red
2025-03-15,301.51197154022987,2355749.54,574.332888,8,0.0,1742016600,46,Neutral,2025-03-15,
2025-03-16,-14.926308575471696,10187921.51,2442.48300218,8,0.0,1742103000,30,Fear,2025-03-16,red
2025-03-17,28.439028818478263,3592895.05,807.74000798,11,0.0,1742189400,32,Fear,2025-03-17,red
2025-03-18,86.71797221103118,4050655.47,857.936131,13,0.0,1742275800,34,Fear,2025-03-18,red
2025-03-19,18.222507655707197,4598813.57,784.4900710184,12,0.0,1742362200,32,Fear,2025-03-19,red
2025-03-20,13.290349463035021,1652257.93,329.235446,13,0.0,1742448600,49,Neutral,2025-03-20,
2025-03-21,9.958840077363897,2543903.39,633.46068283,9,0.0,1742535000,31,Fear,2025-03-21,red
2025-03-22,23.361748138317758,971809.42,268.83480197,8,0.0,1742621400,32,Fear,2025-03-22,red
2025-03-23,31.425999071588368,2593519.67,597.21601403,10,0.0,1742707800,30,Fear,2025-03-23,red
2025-03-24,105.04280555111977,3017587.05,531.10535137,13,0.0,1742794200,45,Neutral,2025-03-24,
2025-03-25,40.49419314791403,5372519.77,1401.35398577,13,0.0,1742880600,46,Neutral,2025-03-25,
2025-03-26,5.094186791424887,7597754.37,1796.80351609,17,0.0,1742967000,47,Neutral,2025-03-26,
2025-03-27,74.9367633388535,3240279.46,714.0241193,11,0.0,1743053400,40,Fear,2025-03-27,red
2025-03-28,29.30931227335165,1483092.61,389.28339505,11,0.0,1743139800,44,Fear,2025-03-28,red
2025-03-29,6.38800049155227,3668151.83,839.84451462,10,0.0,1743226200,26,Fear,2025-03-29,red
2025-03-30,27.8083013028169,2850874.96,759.07175327,9,0.0,1743312600,32,Fear,2025-03-30,red
2025-03-31,14.097342539393939,2164772.4699999997,482.00163111,12,0.0,1743399000,34,Fear,2025-03-31,red
2025-04-01,-11.472199177083334,704445.1900000001,162.93599482,9,0.0,1743485400,34,Fear,2025-04-01,red
2025-04-02,187.930056633829,3867930.6,1181.2230379,11,0.0,1743571800,44,Fear,2025-04-02,red
2025-04-03,-1.353524757437071,8670233.15,1337.1188527,17,0.0,1743658200,25,Fear,2025-04-03,red
2025-04-04,-20.05949602987421,3835545.73,836.063409361,14,0.0,1743744600,28,Fear,2025-04-04,red
2025-04-05,99.74260475,1267564.22,282.060344,10,0.0,1743831000,30,Fear,2025-04-05,red
2025-04-06,44.89832945801527,3551252.06,618.4359126335,14,0.0,1743917400,34,Fear,2025-04-06,red
2025-04-07,12.269854408315563,14460253.14,2766.5551014029,18,0.0,1744003800,23,Extreme Fear,2025-04-07,
2025-04-08,37.00890222481442,8869391.4,2274.97769106,17,0.0,1744090200,24,Extreme Fear,2025-04-08,
2025-04-09,10.86978694151752,28556806.47,6111.274358194,20,0.0,1744176600,18,Extreme Fear,2025-04-09,
2025-04-10,74.40612236060178,28741953.29,6868.556500782,19,0.0,1744263000,39,Fear,2025-04-10,red
2025-04-11,115.33437872354014,11319327.07,2174.4390780901,16,0.0,1744349400,25,Fear,2025-04-11,red
2025-04-12,194.60393292223802,55914617.49,11517.596374457,20,0.0,1744435800,43,Fear,2025-04-12,red
2025-04-13,36.86299888039364,14171154.79,2568.3362202649,17,0.0,1744522200,45,Neutral,2025-04-13,
2025-04-14,51.32634052022472,13079972.98,2023.157718567,14,0.0,1744608600,31,Fear,2025-04-14,red
2025-04-15,63.976751796640144,20752168.24,1866.90475939,14,0.0,1744695000,38,Fear,2025-04-15,red
2025-04-16,36.46251881654229,36502715.9,5997.61790529,17,0.0,1744781400,29,Fear,2025-04-16,red
2025-04-17,5.264713759456837,2604551.51,519.20873692,12,0.0,1744867800,30,Fear,2025-04-17,red
2025-04-18,2.576771248152059,24610650.46,4667.32793177,12,0.0,1744954200,33,Fear,2025-04-18,red
2025-04-19,25.82576363783202,32706462.71,6480.62633269,15,0.0,1745040600,32,Fear,2025-04-19,red
2025-04-20,12.643966668012109,12126094.05,1887.3296081058,12,0.0,1745127000,37,Fear,2025-04-20,red
2025-04-21,20.005394590803256,42104054.84,6356.09106388,14,0.0,1745213400,39,Fear,2025-04-21,red
2025-04-22,19.563963835223483,33753625.24,5749.685751,15,0.0,1745299800,47,Neutral,2025-04-22,
2025-04-23,-68.03380836678032,30682443.79,7342.08084188,19,0.0,1745386200,72,Greed,2025-04-23,green
2025-04-24,22.717023281810036,35088918.64,7366.5003199353005,15,0.0,1745472600,63,Greed,2025-04-24,green
2025-04-25,12.231614764670297,27749455.78,6299.0932547382,16,0.0,1745559000,60,Greed,2025-04-25,green
2025-04-26,-3.6478814694960215,11948127.77,2652.30675352,12,0.0,1745645400,65,Greed,2025-04-26,green
2025-04-27,8.018004356083086,487537.69,55.9267726562,9,0.0,1745731800,61,Greed,2025-04-27,green
2025-04-28,26.763461754169686,26124921.49,6007.2514035301,8,0.0,1745818200,54,Neutral,2025-04-28,
2025-04-29,56.06313572313866,34089511.66,5149.2952871531,7,0.0,1745904600,60,Greed,2025-04-29,green
2025-04-30,12.582028094339623,12693878.85,2950.1837728755,8,0.0,1745991000,56,Greed,2025-04-30,green
2025-05-01,44.338885607317074,10720240.52,2652.6136779658,11,0.0,1746077400,53,Neutral,2025-05-01,
